[
  
   {
      "id" : "nexus",
      "name" : "Nexus S",
      "snippet" : "Fast just got faster with Nexus S.",
      "imageUrl" : "img/phones/nexus-s.3.jpg",
      "age" : 2

   },
   {
      "id" : "moto-xoom2",
      "name" : "Motorola XOOM with Wi-Fi",
      "snippet" : "The Next, Next Generation tablet.",
      "imageUrl" : "img/phones/motorola-xoom-with-wi-fi.0.jpg",
      "age" : 4

   },
   {
      "id" : "moto-xoom1",
      "name" : "MOTOROLA XOOM",
      "snippet" : "Xoom to next Heights",
      "imageUrl" : "img/phones/motorola-xoom.0.jpg",
      "age" : 3

   },
   {
      "id" : "nokiac9",
      "name" : "Nokia C9",
      "snippet" : "Nokia With Android coming to hit market.",
      "imageUrl" : "img/phones/nokiac9.png",
      "age" : 1

   },
   {
      "id" : "samsung",
      "name" : "Samsung S3",
      "snippet" : "Samsung with Edge notifications",
      "imageUrl" : "img/phones/samsung-gem.2.jpg",
      "age" : 6

   },
   {
      "id" : "iphone",
      "name" : "Iphone 7",
      "snippet" : "As usual full demand on release.",
      "imageUrl" : "img/phones/iphone7.png",
      "age" : 5

   }
]

